{"class_names": ["alb_id", "aze_passport", "esp_id", "est_id", "fin_id", "grc_passport", "lva_passport", "rus_internalpassport", "srb_passport", "svk_id"], "num_classes": 10, "img_size": 224, "metrics": {"accuracy": 0.9866666666666667, "precision": 0.9875, "recall": 0.9866666666666667, "f1": 0.9866518353726363, "confusion_matrix": [[15, 0, 0, 0, 0, 0, 0, 0, 0, 0], [0, 15, 0, 0, 0, 0, 0, 0, 0, 0], [0, 0, 15, 0, 0, 0, 0, 0, 0, 0], [0, 0, 0, 15, 0, 0, 0, 0, 0, 0], [0, 0, 1, 0, 14, 0, 0, 0, 0, 0], [0, 0, 0, 0, 0, 15, 0, 0, 0, 0], [0, 0, 0, 0, 0, 0, 14, 0, 1, 0], [0, 0, 0, 0, 0, 0, 0, 15, 0, 0], [0, 0, 0, 0, 0, 0, 0, 0, 15, 0], [0, 0, 0, 0, 0, 0, 0, 0, 0, 15]], "predictions": [2, 2, 0, 3, 0, 1, 7, 7, 3, 7, 0, 6, 7, 0, 3, 2, 5, 5, 9, 4, 8, 1, 8, 0, 0, 5, 6, 3, 9, 5, 4, 6, 9, 2, 5, 3, 6, 4, 6, 9, 3, 6, 7, 8, 2, 4, 6, 7, 9, 5, 5, 3, 0, 7, 1, 5, 0, 7, 3, 4, 1, 8, 2, 4, 5, 4, 0, 1, 6, 8, 5, 7, 2, 2, 5, 2, 2, 6, 9, 4, 4, 9, 1, 9, 6, 6, 8, 3, 3, 7, 0, 4, 3, 7, 1, 8, 9, 1, 3, 8, 6, 1, 3, 1, 2, 4, 2, 8, 7, 3, 3, 9, 9, 9, 1, 0, 5, 9, 8, 8, 2, 8, 5, 4, 0, 2, 7, 6, 1, 5, 7, 0, 6, 2, 4, 1, 4, 8, 8, 9, 9, 7, 1, 8, 8, 5, 1, 0, 0, 2], "true_labels": [2, 2, 0, 3, 0, 1, 7, 7, 3, 7, 0, 6, 7, 0, 3, 2, 5, 5, 9, 4, 8, 1, 8, 0, 0, 5, 6, 3, 9, 5, 4, 6, 9, 4, 5, 3, 6, 4, 6, 9, 3, 6, 7, 8, 2, 4, 6, 7, 9, 5, 5, 3, 0, 7, 1, 5, 0, 7, 3, 4, 1, 8, 2, 4, 5, 4, 0, 1, 6, 6, 5, 7, 2, 2, 5, 2, 2, 6, 9, 4, 4, 9, 1, 9, 6, 6, 8, 3, 3, 7, 0, 4, 3, 7, 1, 8, 9, 1, 3, 8, 6, 1, 3, 1, 2, 4, 2, 8, 7, 3, 3, 9, 9, 9, 1, 0, 5, 9, 8, 8, 2, 8, 5, 4, 0, 2, 7, 6, 1, 5, 7, 0, 6, 2, 4, 1, 4, 8, 8, 9, 9, 7, 1, 8, 8, 5, 1, 0, 0, 2]}}